<?xml version="1.0" encoding="UTF-8"?>
<project-private xmlns="http://www.netbeans.org/ns/project-private/1">
    <editor-bookmarks xmlns="http://www.netbeans.org/ns/editor-bookmarks/2" lastBookmarkId="0"/>
    <open-files xmlns="http://www.netbeans.org/ns/projectui-open-files/2">
        <group>
            <file>file:/E:/Code/LAB211/ContactManagement/src/view/ContactView.java</file>
            <file>file:/E:/Code/LAB211/ContactManagement/src/utils/Inputter.java</file>
            <file>file:/E:/Code/LAB211/ContactManagement/src/model/ContactModel.java</file>
            <file>file:/E:/Code/LAB211/ContactManagement/src/utils/Validator.java</file>
            <file>file:/E:/Code/LAB211/ContactManagement/src/utils/FileLoad.java</file>
        </group>
    </open-files>
</project-private>
