<?xml version="1.0" encoding="UTF-8"?>
<project-private xmlns="http://www.netbeans.org/ns/project-private/1">
    <editor-bookmarks xmlns="http://www.netbeans.org/ns/editor-bookmarks/2" lastBookmarkId="0"/>
    <open-files xmlns="http://www.netbeans.org/ns/projectui-open-files/2">
        <group>
            <file>file:/E:/Code/LAB211/ComputerProgram/src/controller/ComputerPrgrModel.java</file>
            <file>file:/E:/Code/LAB211/ComputerProgram/src/model/BodyCalModel.java</file>
            <file>file:/E:/Code/LAB211/ComputerProgram/src/utils/Validator.java</file>
            <file>file:/E:/Code/LAB211/ComputerProgram/src/view/BodyCalView.java</file>
            <file>file:/E:/Code/LAB211/ComputerProgram/src/utils/Inputter.java</file>
        </group>
    </open-files>
</project-private>
